<?xml version="1.0" encoding="utf-8" ?>
<dwsync>
<file name="cadastro.php" server="C:/Arquivos de programas/EasyPHP5.3.0/www/tecnogyn/" local="129372716946093750" remote="129372716940000000" />
<file name="estilo_adm.css" server="C:/Arquivos de programas/EasyPHP5.3.0/www/tecnogyn/" local="129361165840000000" remote="129361165840000000" />
<file name="topo.php" server="C:/Arquivos de programas/EasyPHP5.3.0/www/tecnogyn/" local="129374059942031250" remote="129374059940000000" />
<file name="admin.php" server="C:/Arquivos de programas/EasyPHP5.3.0/www/tecnogyn/" local="129374059787343750" remote="129374059780000000" />
<file name="cadastro2.php" server="C:/Arquivos de programas/EasyPHP5.3.0/www/tecnogyn/" local="129372729416406250" remote="129372729410000000" />
<file name="config.php" server="C:/Arquivos de programas/EasyPHP5.3.0/www/tecnogyn/" local="129350357640000000" remote="129350357640000000" />
<file name="contato.php" server="C:/Arquivos de programas/EasyPHP5.3.0/www/tecnogyn/" local="129374065559218750" remote="129374065550000000" />
<file name="dicas e truques.php" server="C:/Arquivos de programas/EasyPHP5.3.0/www/tecnogyn/" local="129374065622187500" remote="129374065620000000" />
<file name="download.php" server="C:/Arquivos de programas/EasyPHP5.3.0/www/tecnogyn/" local="129374065669843750" remote="129374065660000000" />
<file name="estilologin.css" server="C:/Arquivos de programas/EasyPHP5.3.0/www/tecnogyn/" local="129369126460000000" remote="129369126460000000" />
<file name="index.php" server="C:/Arquivos de programas/EasyPHP5.3.0/www/tecnogyn/" local="129371868770625000" remote="129371868770000000" />
<file name="menu_adm.php" server="C:/Arquivos de programas/EasyPHP5.3.0/www/tecnogyn/" local="129374061049375000" remote="129374061040000000" />
<file name="noticias.php" server="C:/Arquivos de programas/EasyPHP5.3.0/www/tecnogyn/" local="129374065707187500" remote="129374065700000000" />
<file name="videos.php" server="C:/Arquivos de programas/EasyPHP5.3.0/www/tecnogyn/" local="129374065744062500" remote="129374065740000000" />
<file name="admin.php" server="ftp@tecnogyn.co.cc" local="129377566200000000" remote="129377566200000000" />
<file name="cadastro.php" server="ftp@tecnogyn.co.cc" local="129377566200000000" remote="129377566200000000" />
<file name="cadastro2.php" server="ftp@tecnogyn.co.cc" local="129378482919843750" remote="129378486000000000" />
<file name="config.php" server="ftp@tecnogyn.co.cc" local="129377566200000000" remote="129377566200000000" />
<file name="contato.php" server="ftp@tecnogyn.co.cc" local="129377566200000000" remote="129377566200000000" />
<file name="dicas e truques.php" server="ftp@tecnogyn.co.cc" local="129377566200000000" remote="129377566200000000" />
<file name="download.php" server="ftp@tecnogyn.co.cc" local="129377566200000000" remote="129377566200000000" />
<file name="estilologin.css" server="ftp@tecnogyn.co.cc" local="129377566200000000" remote="129377566200000000" />
<file name="estilo_adm.css" server="ftp@tecnogyn.co.cc" local="129377566200000000" remote="129377566200000000" />
<file name="index.php" server="ftp@tecnogyn.co.cc" local="129378487309218750" remote="129378487800000000" />
<file name="menu_adm.php" server="ftp@tecnogyn.co.cc" local="129378485005781250" remote="129378486000000000" />
<file name="noticias.php" server="ftp@tecnogyn.co.cc" local="129377566200000000" remote="129377566200000000" />
<file name="topo.php" server="ftp@tecnogyn.co.cc" local="129377566200000000" remote="129377566200000000" />
<file name="videos.php" server="ftp@tecnogyn.co.cc" local="129377566200000000" remote="129377566200000000" />
</dwsync>