<?xml version="1.0" encoding="utf-8" ?>
<dwsync>
<file name="fundo.png" server="C:/Arquivos de programas/EasyPHP5.3.0/www/tecnogyn/" local="129368879600000000" remote="129368879600000000" />
<file name="login.png" server="C:/Arquivos de programas/EasyPHP5.3.0/www/tecnogyn/" local="129368093340000000" remote="129368093340000000" />
<file name="ok.png" server="C:/Arquivos de programas/EasyPHP5.3.0/www/tecnogyn/" local="129368093340000000" remote="129368093340000000" />
<file name="senha.png" server="C:/Arquivos de programas/EasyPHP5.3.0/www/tecnogyn/" local="129368093340000000" remote="129368093340000000" />
<file name="fundo.png" server="ftp@tecnogyn.co.cc" local="129377566200000000" remote="129377566200000000" />
<file name="login.png" server="ftp@tecnogyn.co.cc" local="129377566200000000" remote="129377566200000000" />
<file name="ok.png" server="ftp@tecnogyn.co.cc" local="129377566200000000" remote="129377566200000000" />
<file name="senha.png" server="ftp@tecnogyn.co.cc" local="129377566200000000" remote="129377566200000000" />
</dwsync>