<?xml version="1.0" encoding="utf-8" ?>
<dwsync>
<file name="SpryMenuBar.js" server="C:/Arquivos de programas/EasyPHP5.3.0/www/tecnogyn/" local="129361170700000000" remote="129361170700000000" />
<file name="SpryMenuBarDown.gif" server="C:/Arquivos de programas/EasyPHP5.3.0/www/tecnogyn/" local="129361170700000000" remote="129361170700000000" />
<file name="SpryMenuBarDownHover.gif" server="C:/Arquivos de programas/EasyPHP5.3.0/www/tecnogyn/" local="129361170700000000" remote="129361170700000000" />
<file name="SpryMenuBarHorizontal.css" server="C:/Arquivos de programas/EasyPHP5.3.0/www/tecnogyn/" local="129361170700000000" remote="129361170700000000" />
<file name="SpryMenuBarRight.gif" server="C:/Arquivos de programas/EasyPHP5.3.0/www/tecnogyn/" local="129361170700000000" remote="129361170700000000" />
<file name="SpryMenuBarRightHover.gif" server="C:/Arquivos de programas/EasyPHP5.3.0/www/tecnogyn/" local="129361170700000000" remote="129361170700000000" />
<file name="SpryMenuBar.js" server="ftp@tecnogyn.co.cc" local="129377566200000000" remote="129377566200000000" />
<file name="SpryMenuBarDown.gif" server="ftp@tecnogyn.co.cc" local="129377566200000000" remote="129377566200000000" />
<file name="SpryMenuBarDownHover.gif" server="ftp@tecnogyn.co.cc" local="129377566200000000" remote="129377566200000000" />
<file name="SpryMenuBarHorizontal.css" server="ftp@tecnogyn.co.cc" local="129377566200000000" remote="129377566200000000" />
<file name="SpryMenuBarRight.gif" server="ftp@tecnogyn.co.cc" local="129377566200000000" remote="129377566200000000" />
<file name="SpryMenuBarRightHover.gif" server="ftp@tecnogyn.co.cc" local="129377566200000000" remote="129377566200000000" />
</dwsync>