<?xml version="1.0" encoding="utf-8" ?>
<dwsync>
<file name="menu_adm.gif" server="C:/Arquivos de programas/EasyPHP5.3.0/www/tecnogyn/" local="129239544100000000" remote="129239544100000000" />
<file name="footer.gif" server="C:/Arquivos de programas/EasyPHP5.3.0/www/tecnogyn/" local="129224665540000000" remote="129224665540000000" />
<file name="topo_admin.gif" server="C:/Arquivos de programas/EasyPHP5.3.0/www/tecnogyn/" local="129360511160000000" remote="129360511160000000" />
<file name="separador.png" server="C:/Arquivos de programas/EasyPHP5.3.0/www/tecnogyn/" local="129239543480000000" remote="129239543480000000" />
<file name="fundo_index.png" server="C:/Arquivos de programas/EasyPHP5.3.0/www/tecnogyn/" local="129334570400000000" remote="129334570400000000" />
<file name="fundo.png" server="C:/Arquivos de programas/EasyPHP5.3.0/www/tecnogyn/" local="129202284400000000" remote="129202284400000000" />
<file name="aurora.jpg" server="C:/Arquivos de programas/EasyPHP5.3.0/www/tecnogyn/" local="129361153820000000" remote="129361153820000000" />
<file name="matrix.png" server="C:/Arquivos de programas/EasyPHP5.3.0/www/tecnogyn/" local="129361161660000000" remote="129361161660000000" />
<file name="aurora.jpg" server="ftp@tecnogyn.co.cc" local="129377564400000000" remote="129377564400000000" />
<file name="footer.gif" server="ftp@tecnogyn.co.cc" local="129377564400000000" remote="129377564400000000" />
<file name="fundo.png" server="ftp@tecnogyn.co.cc" local="129377565000000000" remote="129377565000000000" />
<file name="fundo_index.png" server="ftp@tecnogyn.co.cc" local="129377565000000000" remote="129377565000000000" />
<file name="matrix.png" server="ftp@tecnogyn.co.cc" local="129377565600000000" remote="129377565600000000" />
<file name="menu_adm.gif" server="ftp@tecnogyn.co.cc" local="129377565600000000" remote="129377565600000000" />
<file name="separador.png" server="ftp@tecnogyn.co.cc" local="129377565600000000" remote="129377565600000000" />
<file name="topo_admin.gif" server="ftp@tecnogyn.co.cc" local="129377565600000000" remote="129377565600000000" />
</dwsync>